matthew_hurricane/matthew_hurricane_mild_im_1009.jpg,1
matthew_hurricane/matthew_hurricane_mild_im_105.jpg,1
matthew_hurricane/matthew_hurricane_mild_im_1106.jpg,1
matthew_hurricane/matthew_hurricane_mild_im_1118.jpg,1
matthew_hurricane/matthew_hurricane_mild_im_1121.jpg,1
matthew_hurricane/matthew_hurricane_mild_im_1129.jpg,1
matthew_hurricane/matthew_hurricane_mild_im_1131.jpg,1
matthew_hurricane/matthew_hurricane_mild_im_1135.jpg,1
matthew_hurricane/matthew_hurricane_mild_im_1155.jpg,1
matthew_hurricane/matthew_hurricane_mild_im_1185.jpg,1
matthew_hurricane/matthew_hurricane_mild_im_1220.jpg,1
matthew_hurricane/matthew_hurricane_mild_im_1223.jpg,1
matthew_hurricane/matthew_hurricane_mild_im_130.jpg,1
matthew_hurricane/matthew_hurricane_mild_im_154.jpg,1
matthew_hurricane/matthew_hurricane_mild_im_168.jpg,1
matthew_hurricane/matthew_hurricane_mild_im_178.jpg,1
matthew_hurricane/matthew_hurricane_mild_im_180.jpg,1
matthew_hurricane/matthew_hurricane_mild_im_183.jpg,1
matthew_hurricane/matthew_hurricane_mild_im_187.jpg,1
matthew_hurricane/matthew_hurricane_mild_im_199.jpg,1
matthew_hurricane/matthew_hurricane_mild_im_202.jpg,1
matthew_hurricane/matthew_hurricane_mild_im_231.jpg,1
matthew_hurricane/matthew_hurricane_mild_im_233.jpg,1
matthew_hurricane/matthew_hurricane_mild_im_250.jpg,1
matthew_hurricane/matthew_hurricane_mild_im_340.jpg,1
matthew_hurricane/matthew_hurricane_mild_im_398.jpg,1
matthew_hurricane/matthew_hurricane_mild_im_418.jpg,1
matthew_hurricane/matthew_hurricane_mild_im_423.jpg,1
matthew_hurricane/matthew_hurricane_mild_im_468.jpg,1
matthew_hurricane/matthew_hurricane_mild_im_53.jpg,1
matthew_hurricane/matthew_hurricane_mild_im_558.jpg,1
matthew_hurricane/matthew_hurricane_mild_im_563.jpg,1
matthew_hurricane/matthew_hurricane_mild_im_58.jpg,1
matthew_hurricane/matthew_hurricane_mild_im_623.jpg,1
matthew_hurricane/matthew_hurricane_mild_im_624.jpg,1
matthew_hurricane/matthew_hurricane_mild_im_66.jpg,1
matthew_hurricane/matthew_hurricane_mild_im_695.jpg,1
matthew_hurricane/matthew_hurricane_mild_im_791.jpg,1
matthew_hurricane/matthew_hurricane_mild_im_817.jpg,1
matthew_hurricane/matthew_hurricane_mild_im_834.jpg,1
matthew_hurricane/matthew_hurricane_mild_im_840.jpg,1
matthew_hurricane/matthew_hurricane_mild_im_863.jpg,1
matthew_hurricane/matthew_hurricane_mild_im_872.jpg,1
matthew_hurricane/matthew_hurricane_mild_im_873.jpg,1
matthew_hurricane/matthew_hurricane_mild_im_878.jpg,1
matthew_hurricane/matthew_hurricane_mild_im_890.jpg,1
matthew_hurricane/matthew_hurricane_mild_im_892.jpg,1
matthew_hurricane/matthew_hurricane_mild_im_897.jpg,1
matthew_hurricane/matthew_hurricane_mild_im_922.jpg,1
matthew_hurricane/matthew_hurricane_mild_im_934.jpg,1
matthew_hurricane/matthew_hurricane_mild_im_945.jpg,1
matthew_hurricane/matthew_hurricane_mild_im_947.jpg,1
matthew_hurricane/matthew_hurricane_mild_im_957.jpg,1
matthew_hurricane/matthew_hurricane_mild_im_966.jpg,1
matthew_hurricane/matthew_hurricane_mild_im_96.jpg,1
matthew_hurricane/matthew_hurricane_mild_im_97.jpg,1
matthew_hurricane/matthew_hurricane_mild_im_984.jpg,1
matthew_hurricane/matthew_hurricane_none_im_1001.jpg,0
matthew_hurricane/matthew_hurricane_none_im_100.jpg,0
matthew_hurricane/matthew_hurricane_none_im_1026.jpg,0
matthew_hurricane/matthew_hurricane_none_im_1033.jpg,0
matthew_hurricane/matthew_hurricane_none_im_1035.jpg,0
matthew_hurricane/matthew_hurricane_none_im_1057.jpg,0
matthew_hurricane/matthew_hurricane_none_im_1092.jpg,0
matthew_hurricane/matthew_hurricane_none_im_10.jpg,0
matthew_hurricane/matthew_hurricane_none_im_1124.jpg,0
matthew_hurricane/matthew_hurricane_none_im_1144.jpg,0
matthew_hurricane/matthew_hurricane_none_im_1165.jpg,0
matthew_hurricane/matthew_hurricane_none_im_1173.jpg,0
matthew_hurricane/matthew_hurricane_none_im_11.jpg,0
matthew_hurricane/matthew_hurricane_none_im_1209.jpg,0
matthew_hurricane/matthew_hurricane_none_im_1215.jpg,0
matthew_hurricane/matthew_hurricane_none_im_13.jpg,0
matthew_hurricane/matthew_hurricane_none_im_15.jpg,0
matthew_hurricane/matthew_hurricane_none_im_161.jpg,0
matthew_hurricane/matthew_hurricane_none_im_173.jpg,0
matthew_hurricane/matthew_hurricane_none_im_206.jpg,0
matthew_hurricane/matthew_hurricane_none_im_207.jpg,0
matthew_hurricane/matthew_hurricane_none_im_227.jpg,0
matthew_hurricane/matthew_hurricane_none_im_259.jpg,0
matthew_hurricane/matthew_hurricane_none_im_25.jpg,0
matthew_hurricane/matthew_hurricane_none_im_277.jpg,0
matthew_hurricane/matthew_hurricane_none_im_27.jpg,0
matthew_hurricane/matthew_hurricane_none_im_285.jpg,0
matthew_hurricane/matthew_hurricane_none_im_295.jpg,0
matthew_hurricane/matthew_hurricane_none_im_307.jpg,0
matthew_hurricane/matthew_hurricane_none_im_330.jpg,0
matthew_hurricane/matthew_hurricane_none_im_434.jpg,0
matthew_hurricane/matthew_hurricane_none_im_43.jpg,0
matthew_hurricane/matthew_hurricane_none_im_458.jpg,0
matthew_hurricane/matthew_hurricane_none_im_483.jpg,0
matthew_hurricane/matthew_hurricane_none_im_49.jpg,0
matthew_hurricane/matthew_hurricane_none_im_506.jpg,0
matthew_hurricane/matthew_hurricane_none_im_50.jpg,0
matthew_hurricane/matthew_hurricane_none_im_510.jpg,0
matthew_hurricane/matthew_hurricane_none_im_511.jpg,0
matthew_hurricane/matthew_hurricane_none_im_531.jpg,0
matthew_hurricane/matthew_hurricane_none_im_597.jpg,0
matthew_hurricane/matthew_hurricane_none_im_604.jpg,0
matthew_hurricane/matthew_hurricane_none_im_609.jpg,0
matthew_hurricane/matthew_hurricane_none_im_622.jpg,0
matthew_hurricane/matthew_hurricane_none_im_645.jpg,0
matthew_hurricane/matthew_hurricane_none_im_65.jpg,0
matthew_hurricane/matthew_hurricane_none_im_67.jpg,0
matthew_hurricane/matthew_hurricane_none_im_741.jpg,0
matthew_hurricane/matthew_hurricane_none_im_742.jpg,0
matthew_hurricane/matthew_hurricane_none_im_746.jpg,0
matthew_hurricane/matthew_hurricane_none_im_754.jpg,0
matthew_hurricane/matthew_hurricane_none_im_764.jpg,0
matthew_hurricane/matthew_hurricane_none_im_770.jpg,0
matthew_hurricane/matthew_hurricane_none_im_777.jpg,0
matthew_hurricane/matthew_hurricane_none_im_809.jpg,0
matthew_hurricane/matthew_hurricane_none_im_818.jpg,0
matthew_hurricane/matthew_hurricane_none_im_82.jpg,0
matthew_hurricane/matthew_hurricane_none_im_833.jpg,0
matthew_hurricane/matthew_hurricane_none_im_83.png,0
matthew_hurricane/matthew_hurricane_none_im_866.jpg,0
matthew_hurricane/matthew_hurricane_none_im_886.jpg,0
matthew_hurricane/matthew_hurricane_none_im_907.jpg,0
matthew_hurricane/matthew_hurricane_none_im_910.jpg,0
matthew_hurricane/matthew_hurricane_none_im_924.jpg,0
matthew_hurricane/matthew_hurricane_none_im_931.jpg,0
matthew_hurricane/matthew_hurricane_none_im_948.jpg,0
matthew_hurricane/matthew_hurricane_none_im_960.jpg,0
matthew_hurricane/matthew_hurricane_none_im_963.jpg,0
matthew_hurricane/matthew_hurricane_none_im_994.jpg,0
matthew_hurricane/matthew_hurricane_none_im_999.jpg,0
matthew_hurricane/matthew_hurricane_none_im_9.jpg,0
matthew_hurricane/matthew_hurricane_severe_im_1004.jpg,2
matthew_hurricane/matthew_hurricane_severe_im_1005.jpg,2
matthew_hurricane/matthew_hurricane_severe_im_1040.jpg,2
matthew_hurricane/matthew_hurricane_severe_im_1047.jpg,2
matthew_hurricane/matthew_hurricane_severe_im_1084.jpg,2
matthew_hurricane/matthew_hurricane_severe_im_1089.png,2
matthew_hurricane/matthew_hurricane_severe_im_108.jpg,2
matthew_hurricane/matthew_hurricane_severe_im_1094.jpg,2
matthew_hurricane/matthew_hurricane_severe_im_1110.jpg,2
matthew_hurricane/matthew_hurricane_severe_im_1116.jpg,2
matthew_hurricane/matthew_hurricane_severe_im_1141.jpg,2
matthew_hurricane/matthew_hurricane_severe_im_115.jpg,2
matthew_hurricane/matthew_hurricane_severe_im_1175.jpg,2
matthew_hurricane/matthew_hurricane_severe_im_1210.jpg,2
matthew_hurricane/matthew_hurricane_severe_im_126.jpg,2
matthew_hurricane/matthew_hurricane_severe_im_185.jpg,2
matthew_hurricane/matthew_hurricane_severe_im_196.jpg,2
matthew_hurricane/matthew_hurricane_severe_im_198.jpg,2
matthew_hurricane/matthew_hurricane_severe_im_241.jpg,2
matthew_hurricane/matthew_hurricane_severe_im_244.jpg,2
matthew_hurricane/matthew_hurricane_severe_im_249.jpg,2
matthew_hurricane/matthew_hurricane_severe_im_342.jpg,2
matthew_hurricane/matthew_hurricane_severe_im_344.jpg,2
matthew_hurricane/matthew_hurricane_severe_im_346.jpg,2
matthew_hurricane/matthew_hurricane_severe_im_361.jpg,2
matthew_hurricane/matthew_hurricane_severe_im_383.jpg,2
matthew_hurricane/matthew_hurricane_severe_im_389.jpg,2
matthew_hurricane/matthew_hurricane_severe_im_439.jpg,2
matthew_hurricane/matthew_hurricane_severe_im_45.jpg,2
matthew_hurricane/matthew_hurricane_severe_im_465.jpg,2
matthew_hurricane/matthew_hurricane_severe_im_494.jpg,2
matthew_hurricane/matthew_hurricane_severe_im_496.jpg,2
matthew_hurricane/matthew_hurricane_severe_im_515.jpg,2
matthew_hurricane/matthew_hurricane_severe_im_534.jpg,2
matthew_hurricane/matthew_hurricane_severe_im_537.jpg,2
matthew_hurricane/matthew_hurricane_severe_im_572.jpg,2
matthew_hurricane/matthew_hurricane_severe_im_575.jpg,2
matthew_hurricane/matthew_hurricane_severe_im_626.jpg,2
matthew_hurricane/matthew_hurricane_severe_im_632.jpg,2
matthew_hurricane/matthew_hurricane_severe_im_651.jpg,2
matthew_hurricane/matthew_hurricane_severe_im_685.jpg,2
matthew_hurricane/matthew_hurricane_severe_im_708.jpg,2
matthew_hurricane/matthew_hurricane_severe_im_713.jpg,2
matthew_hurricane/matthew_hurricane_severe_im_728.jpg,2
matthew_hurricane/matthew_hurricane_severe_im_729.jpg,2
matthew_hurricane/matthew_hurricane_severe_im_756.jpg,2
matthew_hurricane/matthew_hurricane_severe_im_763.jpg,2
matthew_hurricane/matthew_hurricane_severe_im_772.jpg,2
matthew_hurricane/matthew_hurricane_severe_im_778.jpg,2
matthew_hurricane/matthew_hurricane_severe_im_782.jpg,2
matthew_hurricane/matthew_hurricane_severe_im_794.jpg,2
matthew_hurricane/matthew_hurricane_severe_im_803.jpg,2
matthew_hurricane/matthew_hurricane_severe_im_810.jpg,2
matthew_hurricane/matthew_hurricane_severe_im_815.jpg,2
matthew_hurricane/matthew_hurricane_severe_im_841.jpg,2
matthew_hurricane/matthew_hurricane_severe_im_842.jpg,2
matthew_hurricane/matthew_hurricane_severe_im_843.jpg,2
matthew_hurricane/matthew_hurricane_severe_im_89.jpg,2
matthew_hurricane/matthew_hurricane_severe_im_904.jpg,2
matthew_hurricane/matthew_hurricane_severe_im_906.jpg,2
matthew_hurricane/matthew_hurricane_severe_im_92.jpg,2
matthew_hurricane/matthew_hurricane_severe_im_93.jpg,2
matthew_hurricane/matthew_hurricane_severe_im_943.jpg,2
matthew_hurricane/matthew_hurricane_severe_im_953.jpg,2
matthew_hurricane/matthew_hurricane_severe_im_973.png,2
matthew_hurricane/matthew_hurricane_severe_im_976.jpg,2
matthew_hurricane/matthew_hurricane_severe_im_989.jpg,2
matthew_hurricane/matthew_hurricane_unlabelled_im_107.jpg,0
matthew_hurricane/matthew_hurricane_unlabelled_im_10.png,0
matthew_hurricane/matthew_hurricane_unlabelled_im_114.jpg,0
matthew_hurricane/matthew_hurricane_unlabelled_im_115.jpg,0
matthew_hurricane/matthew_hurricane_unlabelled_im_118.jpg,0
matthew_hurricane/matthew_hurricane_unlabelled_im_120.jpg,1
matthew_hurricane/matthew_hurricane_unlabelled_im_127.jpg,0
matthew_hurricane/matthew_hurricane_unlabelled_im_139.jpg,0
matthew_hurricane/matthew_hurricane_unlabelled_im_140.jpg,0
matthew_hurricane/matthew_hurricane_unlabelled_im_142.jpg,0
matthew_hurricane/matthew_hurricane_unlabelled_im_143.jpg,0
matthew_hurricane/matthew_hurricane_unlabelled_im_151.jpg,0
matthew_hurricane/matthew_hurricane_unlabelled_im_161.jpg,0
matthew_hurricane/matthew_hurricane_unlabelled_im_164.jpg,0
matthew_hurricane/matthew_hurricane_unlabelled_im_166.jpg,1
matthew_hurricane/matthew_hurricane_unlabelled_im_168.jpg,0
matthew_hurricane/matthew_hurricane_unlabelled_im_171.jpg,0
matthew_hurricane/matthew_hurricane_unlabelled_im_172.jpg,0
matthew_hurricane/matthew_hurricane_unlabelled_im_173.jpg,0
matthew_hurricane/matthew_hurricane_unlabelled_im_179.jpg,0
matthew_hurricane/matthew_hurricane_unlabelled_im_17.jpg,0
matthew_hurricane/matthew_hurricane_unlabelled_im_183.jpg,0
matthew_hurricane/matthew_hurricane_unlabelled_im_185.jpg,2
matthew_hurricane/matthew_hurricane_unlabelled_im_18.jpg,0
matthew_hurricane/matthew_hurricane_unlabelled_im_199.jpg,0
matthew_hurricane/matthew_hurricane_unlabelled_im_200.jpg,0
matthew_hurricane/matthew_hurricane_unlabelled_im_207.jpg,0
matthew_hurricane/matthew_hurricane_unlabelled_im_209.jpg,0
matthew_hurricane/matthew_hurricane_unlabelled_im_216.jpg,0
matthew_hurricane/matthew_hurricane_unlabelled_im_218.png,0
matthew_hurricane/matthew_hurricane_unlabelled_im_219.jpg,0
matthew_hurricane/matthew_hurricane_unlabelled_im_221.jpg,1
matthew_hurricane/matthew_hurricane_unlabelled_im_222.jpg,0
matthew_hurricane/matthew_hurricane_unlabelled_im_226.jpg,1
matthew_hurricane/matthew_hurricane_unlabelled_im_228.jpg,0
matthew_hurricane/matthew_hurricane_unlabelled_im_229.jpg,0
matthew_hurricane/matthew_hurricane_unlabelled_im_22.jpg,0
matthew_hurricane/matthew_hurricane_unlabelled_im_233.jpg,0
matthew_hurricane/matthew_hurricane_unlabelled_im_241.jpg,0
matthew_hurricane/matthew_hurricane_unlabelled_im_24.jpg,1
matthew_hurricane/matthew_hurricane_unlabelled_im_259.jpg,0
matthew_hurricane/matthew_hurricane_unlabelled_im_260.jpg,2
matthew_hurricane/matthew_hurricane_unlabelled_im_266.jpg,0
matthew_hurricane/matthew_hurricane_unlabelled_im_26.jpg,0
matthew_hurricane/matthew_hurricane_unlabelled_im_270.jpg,0
matthew_hurricane/matthew_hurricane_unlabelled_im_273.jpg,0
matthew_hurricane/matthew_hurricane_unlabelled_im_280.jpg,0
matthew_hurricane/matthew_hurricane_unlabelled_im_290.jpg,0
matthew_hurricane/matthew_hurricane_unlabelled_im_292.jpg,0
matthew_hurricane/matthew_hurricane_unlabelled_im_295.jpg,0
matthew_hurricane/matthew_hurricane_unlabelled_im_297.jpg,0
matthew_hurricane/matthew_hurricane_unlabelled_im_299.jpg,2
matthew_hurricane/matthew_hurricane_unlabelled_im_29.jpg,0
matthew_hurricane/matthew_hurricane_unlabelled_im_2.jpg,1
matthew_hurricane/matthew_hurricane_unlabelled_im_300.jpg,0
matthew_hurricane/matthew_hurricane_unlabelled_im_301.jpg,0
matthew_hurricane/matthew_hurricane_unlabelled_im_302.jpg,0
matthew_hurricane/matthew_hurricane_unlabelled_im_303.jpg,0
matthew_hurricane/matthew_hurricane_unlabelled_im_305.jpg,1
matthew_hurricane/matthew_hurricane_unlabelled_im_310.jpg,1
matthew_hurricane/matthew_hurricane_unlabelled_im_315.jpg,1
matthew_hurricane/matthew_hurricane_unlabelled_im_321.jpg,0
matthew_hurricane/matthew_hurricane_unlabelled_im_322.jpg,0
matthew_hurricane/matthew_hurricane_unlabelled_im_323.jpg,0
matthew_hurricane/matthew_hurricane_unlabelled_im_330.jpg,0
matthew_hurricane/matthew_hurricane_unlabelled_im_340.jpg,0
matthew_hurricane/matthew_hurricane_unlabelled_im_341.jpg,0
matthew_hurricane/matthew_hurricane_unlabelled_im_347.jpg,0
matthew_hurricane/matthew_hurricane_unlabelled_im_34.jpg,0
matthew_hurricane/matthew_hurricane_unlabelled_im_352.jpg,0
matthew_hurricane/matthew_hurricane_unlabelled_im_354.jpg,1
matthew_hurricane/matthew_hurricane_unlabelled_im_358.jpg,0
matthew_hurricane/matthew_hurricane_unlabelled_im_35.jpg,1
matthew_hurricane/matthew_hurricane_unlabelled_im_364.jpg,0
matthew_hurricane/matthew_hurricane_unlabelled_im_371.jpg,2
matthew_hurricane/matthew_hurricane_unlabelled_im_379.jpg,0
matthew_hurricane/matthew_hurricane_unlabelled_im_37.jpg,0
matthew_hurricane/matthew_hurricane_unlabelled_im_381.jpg,0
matthew_hurricane/matthew_hurricane_unlabelled_im_383.jpg,1
matthew_hurricane/matthew_hurricane_unlabelled_im_385.jpg,0
matthew_hurricane/matthew_hurricane_unlabelled_im_388.jpg,0
matthew_hurricane/matthew_hurricane_unlabelled_im_39.jpg,0
matthew_hurricane/matthew_hurricane_unlabelled_im_401.jpg,0
matthew_hurricane/matthew_hurricane_unlabelled_im_406.jpg,0
matthew_hurricane/matthew_hurricane_unlabelled_im_413.jpg,0
matthew_hurricane/matthew_hurricane_unlabelled_im_430.jpg,0
matthew_hurricane/matthew_hurricane_unlabelled_im_432.jpg,0
matthew_hurricane/matthew_hurricane_unlabelled_im_438.jpg,0
matthew_hurricane/matthew_hurricane_unlabelled_im_43.jpg,0
matthew_hurricane/matthew_hurricane_unlabelled_im_451.jpg,0
matthew_hurricane/matthew_hurricane_unlabelled_im_45.jpg,1
matthew_hurricane/matthew_hurricane_unlabelled_im_468.jpg,0
matthew_hurricane/matthew_hurricane_unlabelled_im_485.jpg,0
matthew_hurricane/matthew_hurricane_unlabelled_im_492.jpg,0
matthew_hurricane/matthew_hurricane_unlabelled_im_493.jpg,0
matthew_hurricane/matthew_hurricane_unlabelled_im_499.jpg,0
matthew_hurricane/matthew_hurricane_unlabelled_im_502.jpg,0
matthew_hurricane/matthew_hurricane_unlabelled_im_505.jpg,0
matthew_hurricane/matthew_hurricane_unlabelled_im_506.jpg,1
matthew_hurricane/matthew_hurricane_unlabelled_im_507.jpg,0
matthew_hurricane/matthew_hurricane_unlabelled_im_509.jpg,0
matthew_hurricane/matthew_hurricane_unlabelled_im_511.jpg,1
matthew_hurricane/matthew_hurricane_unlabelled_im_512.jpg,0
matthew_hurricane/matthew_hurricane_unlabelled_im_513.jpg,1
matthew_hurricane/matthew_hurricane_unlabelled_im_514.jpg,0
matthew_hurricane/matthew_hurricane_unlabelled_im_519.jpg,1
matthew_hurricane/matthew_hurricane_unlabelled_im_520.jpg,1
matthew_hurricane/matthew_hurricane_unlabelled_im_528.jpg,0
matthew_hurricane/matthew_hurricane_unlabelled_im_537.jpg,0
matthew_hurricane/matthew_hurricane_unlabelled_im_559.jpg,0
matthew_hurricane/matthew_hurricane_unlabelled_im_562.jpg,0
matthew_hurricane/matthew_hurricane_unlabelled_im_563.jpg,2
matthew_hurricane/matthew_hurricane_unlabelled_im_570.jpg,0
matthew_hurricane/matthew_hurricane_unlabelled_im_575.jpg,0
matthew_hurricane/matthew_hurricane_unlabelled_im_576.jpg,0
matthew_hurricane/matthew_hurricane_unlabelled_im_577.png,0
matthew_hurricane/matthew_hurricane_unlabelled_im_57.jpg,1
matthew_hurricane/matthew_hurricane_unlabelled_im_59.jpg,0
matthew_hurricane/matthew_hurricane_unlabelled_im_605.jpg,0
matthew_hurricane/matthew_hurricane_unlabelled_im_608.jpg,0
matthew_hurricane/matthew_hurricane_unlabelled_im_621.jpg,0
matthew_hurricane/matthew_hurricane_unlabelled_im_642.jpg,0
matthew_hurricane/matthew_hurricane_unlabelled_im_643.jpg,0
matthew_hurricane/matthew_hurricane_unlabelled_im_645.jpg,0
matthew_hurricane/matthew_hurricane_unlabelled_im_646.jpg,0
matthew_hurricane/matthew_hurricane_unlabelled_im_647.jpg,0
matthew_hurricane/matthew_hurricane_unlabelled_im_651.jpg,2
matthew_hurricane/matthew_hurricane_unlabelled_im_667.jpg,1
matthew_hurricane/matthew_hurricane_unlabelled_im_681.jpg,0
matthew_hurricane/matthew_hurricane_unlabelled_im_692.jpg,0
matthew_hurricane/matthew_hurricane_unlabelled_im_699.jpg,0
matthew_hurricane/matthew_hurricane_unlabelled_im_702.jpg,0
matthew_hurricane/matthew_hurricane_unlabelled_im_70.jpg,0
matthew_hurricane/matthew_hurricane_unlabelled_im_710.jpg,0
matthew_hurricane/matthew_hurricane_unlabelled_im_716.jpg,0
matthew_hurricane/matthew_hurricane_unlabelled_im_727.jpg,0
matthew_hurricane/matthew_hurricane_unlabelled_im_733.jpg,1
matthew_hurricane/matthew_hurricane_unlabelled_im_738.jpg,1
matthew_hurricane/matthew_hurricane_unlabelled_im_74.jpg,1
matthew_hurricane/matthew_hurricane_unlabelled_im_750.jpg,0
matthew_hurricane/matthew_hurricane_unlabelled_im_767.jpg,2
matthew_hurricane/matthew_hurricane_unlabelled_im_76.jpg,0
matthew_hurricane/matthew_hurricane_unlabelled_im_783.jpg,1
matthew_hurricane/matthew_hurricane_unlabelled_im_795.jpg,0
matthew_hurricane/matthew_hurricane_unlabelled_im_797.jpg,2
matthew_hurricane/matthew_hurricane_unlabelled_im_801.jpg,0
matthew_hurricane/matthew_hurricane_unlabelled_im_804.jpg,0
matthew_hurricane/matthew_hurricane_unlabelled_im_82.jpg,1
matthew_hurricane/matthew_hurricane_unlabelled_im_844.jpg,1
matthew_hurricane/matthew_hurricane_unlabelled_im_847.jpg,0
matthew_hurricane/matthew_hurricane_unlabelled_im_864.jpg,1
matthew_hurricane/matthew_hurricane_unlabelled_im_870.jpg,0
matthew_hurricane/matthew_hurricane_unlabelled_im_882.jpg,0
matthew_hurricane/matthew_hurricane_unlabelled_im_901.jpg,0
matthew_hurricane/matthew_hurricane_unlabelled_im_92.jpg,0
matthew_hurricane/matthew_hurricane_unlabelled_im_961.jpg,0
matthew_hurricane/matthew_hurricane_unlabelled_im_963.jpg,1
matthew_hurricane/matthew_hurricane_unlabelled_im_972.jpg,0
matthew_hurricane/matthew_hurricane_unlabelled_im_979.jpg,0
matthew_hurricane/matthew_hurricane_unlabelled_im_989.jpg,2
matthew_hurricane/matthew_hurricane_unlabelled_im_991.jpg,1
matthew_hurricane/matthew_hurricane_unlabelled_im_999.jpg,0
